id,title,overview,genres,keywords,cast,director,runtime,release_date,vote_average,vote_count,popularity,poster_path,backdrop_path,original_language
969681,Spider-Man: Brand New Day,Fighting crime full-time as Spider-Man in a world that doesn't remember him—and the pressure of seeing his old friends move on without him—sparks a change in Peter Parker he may not have the power to control. But that transformation might also be the only thing that can stop a shocking new threat to the city and those he loves - a powerful villain no one can even see.,"['Science Fiction', 'Action', 'Adventure']","['mind control', 'new york city', 'hero', 'mutation', 'secret identity', 'superhero', 'spider', 'villain', 'based on comic', 'sequel', 'transhumanism', 'super power', 'masked vigilante', 'spider web', 'aftercreditsstinger', 'marvel cinematic universe (mcu)', 'masked superhero', 'fight for justice', 'genetic mutation']","['Tom Holland', 'Zendaya', 'Mark Ruffalo', 'Jon Bernthal', 'Jacob Batalon', 'Sadie Sink', 'Florence Pugh', 'Liza Colón-Zayas', 'Tramell Tillman', 'Marisa Tomei']",['Destin Daniel Cretton'],145,2026-07-29,7.859,1618,1065.0058,/iPOn6DinuVyLY17YM9mKuPofV08.jpg,/qeQJx07rK2xm8SD2sJxFKhE7gs0.jpg,en
1368337,The Odyssey,"Odysseus, the legendary King of Ithaca, embarks on a long and perilous journey home following the Trojan War. Throughout his voyage, he is forced to confront the whims of gods, mythological monsters, and trials that stretch both his cunning and his humanity to the breaking point.","['Adventure', 'Action', 'Fantasy']","['ship', 'trojan war', 'greek mythology', 'historical fiction', 'ancient world', 'period drama', 'based on song, poem or rhyme', 'greek history', 'voyage', 'peplum', 'ancient', 'trojan horse', 'mediterranean sea', 'bronze age', 'mythical', 'odyssey', 'sword and sandal', 'epic fantasy']","['Matt Damon', 'Tom Holland', 'Anne Hathaway', 'Robert Pattinson', 'Himesh Patel', 'Charlize Theron', 'John Leguizamo', 'Travis Scott', 'Corey Hawkins', 'Jarreth J. Merz']",['Christopher Nolan'],173,2026-07-15,8.0,2681,862.2605,/5rhTDKUhPYvpdQIijFIs5VoWsON.jpg,/RMXG8myu1aGlNUsRjtxzmpdMK0.jpg,en
634649,Spider-Man: No Way Home,"Peter Parker is unmasked and no longer able to separate his normal life from the high-stakes of being a super-hero. When he asks for help from Doctor Strange the stakes become even more dangerous, forcing him to discover what it truly means to be Spider-Man.","['Action', 'Adventure', 'Science Fiction']","['new york city', 'hero', 'showdown', 'magic', 'loss of loved one', 'secret identity', 'superhero', 'villain', 'portal', 'based on comic', 'sequel', 'vigilante', 'superhero team', 'masked vigilante', 'alternative reality', 'aftercreditsstinger', 'duringcreditsstinger', 'marvel cinematic universe (mcu)', 'masked superhero', 'fight for justice', 'teen superhero', 'superhero teamup', 'returning hero', 'teamwork', 'multiverse']","['Tom Holland', 'Zendaya', 'Benedict Cumberbatch', 'Jacob Batalon', 'Jon Favreau', 'Jamie Foxx', 'Willem Dafoe', 'Alfred Molina', 'Benedict Wong', 'Tony Revolori']",['Jon Watts'],148,2021-12-15,7.938,22633,634.4715,/1g0dhYtq4irTY1GPXvft6k4YLjm.jpg,/14QbnygCuTO0vl7CAFmPf1fgZfV.jpg,en
1284041,The Last House,A family suddenly sealed inside their home must work together to survive against dwindling resources and the ominous threat keeping them trapped.,"['Horror', 'Science Fiction', 'Thriller']","['monster', 'water monster', 'sea creature', 'cautionary', 'baffled', 'excited', 'dangerous rain']","['Greta Lee', 'Wagner Moura', 'Riley Chung', 'Noah Alexander Sosnowski', 'Emma Ho', 'Gabriel Barbosa', 'Arden Cho', 'Audrey Anderson', 'Sid Edwards', 'Eveline Reynolds-Boison']",['Louis Leterrier'],110,2026-08-06,6.871,520,388.6318,/6JU7E8Vv2M11egkctWVOScxWR75.jpg,/2mPmccLg8QCD4ZF6v8kSsUijPPW.jpg,en
1315772,Minions & Monsters,"This is the rambunctious, ridiculous and totally true story of how the Minions conquered Hollywood, became movie stars, lost everything, unleashed monsters onto the world and then banded together to try and save the planet from the mayhem they had just created.","['Adventure', 'Animation', 'Comedy', 'Family', 'Fantasy']","['magic', 'sequel', 'alien', 'prequel', 'hollywood', 'spin off', 'henchman', 'filmmaking', 'silent film', 'framing device', ""women's suffrage"", '1920s', 'humanoid robot', '3d animation', 'monsters', 'early sound film']","['Pierre Coffin', 'Trey Parker', 'Christoph Waltz', 'Allison Janney', 'Jesse Eisenberg', 'Jeff Bridges', 'Zoey Deutch', 'Bobby Moynihan', 'Phil LaMarr', 'George Lucas']",['Pierre Coffin'],90,2026-06-24,7.209,485,344.0984,/nz7i42yhLIJ4ve9JKgM6NthoLHO.jpg,/kkcwhgSFd81QDlXo8ytrpHPQjhy.jpg,en
1375646,Colony,"Professor Se-jeong is thrust into a bloody nightmare when a rapidly mutating virus is released during a biotech conference causing authorities to seal the facility. Trapped inside with no escape, Se-jeong along with a small group of survivors must fight to stay alive while the infected undergo horrific transformations.","['Action', 'Horror', 'Science Fiction']",['zombie'],"['Gianna Jun', 'Koo Kyo-hwan', 'Ji Chang-wook', 'Kim Shin-rock', 'Shin Hyun-been', 'Go Soo', 'Lee Joong-ok', 'Kim Jong-tae', 'Hwang Jae-yeol', 'Lee Dam-hee']",['Yeon Sang-ho'],123,2026-05-21,8.1,473,299.3411,/tN799oUR0f1gUKDYdMNrDaY7I51.jpg,/jDvxsBemt2Iyslg7qn2WMzgxz23.jpg,ko
1084244,Toy Story 5,"When Bonnie receives a Lilypad tablet as a gift and becomes obsessed, Buzz, Woody, Jessie and the rest of the gang's jobs become exponentially harder when they have to go head to head with the all-new threat to playtime.","['Animation', 'Family', 'Comedy', 'Adventure']","['farm', 'island', 'pig', 'horse', 'rescue mission', 'rivalry', 'sequel', 'love', 'stranded', 'wedding', 'tire swing', 'walkie talkie', 'cowgirl', 'cowboy', 'buddy comedy', 'duringcreditsstinger', 'toy comes to life', 'hippo', 'abandonment', 'toilet paper', 'replacement', 'toy', 'frog', '3d animation', 'tablet', 'ipad', 'adoring']","['Tom Hanks', 'Tim Allen', 'Joan Cusack', 'Greta Lee', ""Conan O'Brien"", 'Craig Robinson', 'Shelby Rabara', 'Tony Hale', 'Scarlett Spears', 'Jay Hernandez']",['Andrew Stanton'],102,2026-06-17,7.418,813,276.347,/sfQtVlIHljToOwYjhe21KPGzZWK.jpg,/8sSKdEmlmqF4kJUd28SqthXC4yZ.jpg,en
1339713,Obsession,"After breaking the mysterious ""One Wish Willow"" to win his crush's heart, a hopeless romantic finds himself getting exactly what he asked for but soon discovers that some desires come at a dark, sinister price.","['Horror', 'Thriller']","['obsession', 'supernatural', 'possession', 'wish', 'unrequited love', 'couple', 'grim', 'absurdism', 'self-harm', 'supernatural horror', 'psychological', 'independent film', 'psychological horror', 'cursed object']","['Michael Johnston', 'Inde Navarrette', 'Cooper Tomlinson', 'Megan Lawless', 'Andy Richter', 'Haley Fitzgerald', 'Darin Toonder', 'Anthony Pavone', 'Justice', 'Anthony Casabianca']",['Curry Barker'],109,2026-05-13,8.23,4605,293.7814,/bRwnj8WEKBCvmfeUNOukJPwB43K.jpg,/rZfmzpixLKLR3Hg2u0WgC7XLFl8.jpg,en
1081003,Supergirl,"When an unexpected and ruthless adversary strikes too close to home, Kara Zor-El, aka Supergirl, reluctantly joins forces with an unlikely companion on an epic, interstellar journey of vengeance and justice.","['Action', 'Adventure', 'Science Fiction']","['galaxy', 'hero', 'superhero', 'villain', 'based on comic', 'space', 'female protagonist', 'dog', 'super power', 'heroine', 'reboot', 'solitude', 'supervillain', 'rescue dog', 'dc universe (dcu)']","['Milly Alcock', 'Eve Ridley', 'Matthias Schoenaerts', 'Jason Momoa', 'David Krumholtz', 'Emily Beecham', 'David Corenswet', 'Kadiff Kirwan', 'Thalissa Teixeira', 'Ferdinand Kingsley']",['Craig Gillespie'],108,2026-06-24,6.75,1798,248.9535,/1QCWdqzTfh2x9UylVpspIU6QTuM.jpg,/54KIfdTEzOliHDKx0OkzYGqAICx.jpg,en
1212763,Evil Dead Burn,"After her husband's abrupt death, Alice seeks solace with his remaining family — descendants of a leading researcher on demonic possession. As her in-laws transform one by one into creatures that feed on fear, she comes to discover that the vows she took in life survive even in death.",['Horror'],"['funeral', 'widow', 'supernatural', 'possession', 'dysfunctional family', 'sequel', 'grief', 'spirit', 'demon', 'spin off', 'family', 'book of the dead', 'evil dead', 'demonic possession', 'death of husband', 'abusive husband', 'supernatural horror', 'body horror', 'ghoulish', 'tragic']","['Souheila Yacoub', 'Tandi Wright', 'Hunter Doohan', 'Luciane Buchanan', 'Erroll Shand', 'Maude Davey', 'George Pullar', 'Greta van den Brink', 'Keanu Karim', 'Victory Ndukwe']",['Sébastien Vaniček'],110,2026-07-07,7.908,994,271.5888,/uRxrNXQWkHoENm3nwVOZDYSCx2F.jpg,/o0jkkpcN81QqSl8DMLScBCXyUH9.jpg,en
1284465,The Death of Robin Hood,"Grappling with his past after a life of crime and murder, Robin Hood finds himself gravely injured after a battle he thought would be his last. In the hands of a mysterious woman, he is offered a chance at salvation.","['Adventure', 'Drama', 'Action']","['robin hood', 'based on myths, legends or folklore', 'grim', 'salvation', 'grimdark']","['Hugh Jackman', 'Jodie Comer', 'Bill Skarsgård', 'Murray Bartlett', 'Noah Jupe', 'Jade Croot', 'Faith Delaney', 'Tabitha Smyth', 'Beau Thompson', 'Alfie Lawless']",['Michael Sarnoski'],123,2026-06-18,6.296,203,261.4544,/92Tsfx7SFafOqWsotvrlJbHyehd.jpg,/lh3BDkmWJh998n4fQcHYcVi7dpm.jpg,en
1108427,Moana,"Teenage Moana answers the Ocean's call and, for the first time, voyages beyond the reef of her island of Motunui with infamous demigod Maui on an unforgettable journey to restore prosperity to her people.","['Family', 'Fantasy', 'Comedy', 'Adventure']","['sailboat', 'sea', 'friendship', 'ocean', ""leaving one's family"", 'musical', 'remake', 'curse', 'explorer', 'based on movie', 'demigod', 'polynesia', 'sea adventure', 'giant crab', 'animal sidekick', 'seafarer', 'live action remake', 'female explorer']","['Catherine Lagaʻaia', 'Dwayne Johnson', 'Rena Owen', 'John Tui', 'Frankie Adams', 'Jemaine Clement', 'Emma Puahi-Shapazian', 'Amaya Masoli', 'Sam Puefua', 'Sione Milford']",['Thomas Kail'],115,2026-07-08,6.0,193,216.2841,/zKVgiv5qHCvCLT4A2ymJi5QeXDH.jpg,/c6BPbkO5Npt1OdwttAxCFo06wtH.jpg,en
1275779,Disclosure Day,"A cybersecurity expert becomes a whistleblower after uncovering secrets about aliens, putting him on the run from a corporation. Meanwhile, a meteorologist experiencing strange phenomena joins forces with him to prove there's life beyond our understanding.","['Science Fiction', 'Thriller']","['new york city', 'childhood trauma', 'alien', 'on the run', 'kansas city', 'mind reading', 'alien invasion', 'meteorologist', 'mysterious', 'whistleblower', 'conspiracy thriller']","['Emily Blunt', ""Josh O'Connor"", 'Colin Firth', 'Eve Hewson', 'Colman Domingo', 'Wyatt Russell', 'Henry Lloyd-Hughes', 'Elizabeth Marvel', 'Hettienne Park', 'Tommy Martinez']",['Steven Spielberg'],146,2026-06-10,7.457,2709,227.7825,/AnJ8IQJI23hNpYXVNaythu061Ru.jpg,/flxau5Iu7bChQHsESqvGZ3FQRaI.jpg,en
315635,Spider-Man: Homecoming,"Following the events of Captain America: Civil War, Peter Parker, with the help of his mentor Tony Stark, tries to balance his life as an ordinary high school student in Queens, New York City, with fighting crime as his superhero alter ego Spider-Man as a new threat, the Vulture, emerges.","['Action', 'Adventure', 'Science Fiction']","['high school', 'new york city', 'washington dc, usa', 'secret identity', 'superhero', 'based on comic', 'coming of age', 'reboot', 'aftercreditsstinger', 'duringcreditsstinger', 'marvel cinematic universe (mcu)', 'masked superhero', 'teen superhero', 'cliché', 'straightforward']","['Tom Holland', 'Michael Keaton', 'Robert Downey Jr.', 'Marisa Tomei', 'Jon Favreau', 'Gwyneth Paltrow', 'Zendaya', 'Donald Glover', 'Jacob Batalon', 'Laura Harrier']",['Jon Watts'],133,2017-07-05,7.332,23598,210.6267,/c24sv2weTHPsmDa7jEMN0m2P3RT.jpg,/fn4n6uOYcB6Uh89nbNPoU2w80RV.jpg,en
1599191,仙逆剧场版 弑仙之战,,[],[],['Shi Zekun'],[],0,,0.0,0,181.4512,/m1dXI1997D7lj6Sh0Z2DI26o2nI.jpg,/c4TkvRGVrghFY2qFKJ0SUwqtAiW.jpg,zh
1481343,The Devil's Mouth,"A group of college friends' Thailand adventure turns deadly when they become trapped in submerged caves with a dangerous predator. As oxygen runs low, past conflicts emerge in their desperate fight for survival.","['Horror', 'Thriller']","['cave', 'animal attack', 'thailand', 'survival', 'creature', 'shark', 'survival horror', 'killer shark', 'aggressive', 'college friends', 'animal horror', 'inspirational', 'survival thriller']","['Kathryn Newton', 'Lana Condor', 'Nico Hiraga', 'Gavin Casalegno', 'Tommi Rose', 'Tayme Thapthimthong', 'Sahajak Boonthanakit', 'Harrison Luna']",['Jeff Wadlow'],106,2026-07-29,6.5,582,166.6931,/lH8k9uCWYn2b2gsYleqYBDPbWa8.jpg,/se8LfmZYFiNerF6U7zMUKePV0vE.jpg,en
1307118,Soulm8te,"After a ruthless tech giant acquires a small robotics company, a grieving engineer is tasked with testing their new AI companion. But when he attempts to reprogram her to be a truly sentient soulmate, she develops needs of her own—unleashing a relentless spree of precision-engineered mayhem.","['Horror', 'Science Fiction', 'Thriller']","['android', 'artificial intelligence (a.i.)', 'killer robot', 'grief', 'relationship', 'robot', 'spin off', 'erotic thriller', 'death of wife', 'erotic', 'robot companion', 'android horror']","['David Rysdahl', 'Lily Sullivan', 'Claudia Doumit', 'Arty Froushan', 'Elijah Isaiah Cook', 'Mara Huf', 'Emma Ramos', 'Sydney Blackburn', 'Isabelle Bonfrer', 'Oliver Cooper']",['Kate Dolan'],99,2026-07-31,6.457,93,170.9551,/bNErActDctl6cdUGw9pnjSCmyhQ.jpg,/7t6f6VxA2ZXbbZSVctgt7bZG2DI.jpg,en
1083381,Backrooms,A strange doorway appears in the basement of a furniture showroom.,"['Horror', 'Mystery', 'Science Fiction']","['california', 'monster', 'therapist', 'surrealism', 'childhood trauma', 'alcoholism', 'found footage', '1990s', 'other dimension', 'based on web series', 'psychological', 'liminal', 'body horror', 'psychological horror', 'liminal space', 'analog horror', 'sci-fi horror', 'bewildered', 'foreboding', 'liminal horror']","['Chiwetel Ejiofor', 'Renate Reinsve', 'Finn Bennett', 'Lukita Maxwell', 'Mark Duplass', 'Avan Jogia', 'Robert Bobroczkyi', 'Ember Ambrose', 'Krista Kosonen', 'Philip Granger']",['Kane Parsons'],111,2026-05-27,7.1,2710,162.347,/rhGx6E3qRNMgj3i5su2oukNHwIQ.jpg,/dqmMWNWfLnExDRpMtIMqI97GQFR.jpg,en
557,Spider-Man,"After being bitten by a genetically altered spider at Oscorp, nerdy but endearing high school student Peter Parker is endowed with amazing powers to become the superhero known as Spider-Man.","['Action', 'Science Fiction']","['new york city', 'adolescence', 'photographer', 'loss of loved one', 'photography', 'secret identity', 'hostility', 'superhero', 'spider', 'bad boss', 'villain', 'based on comic', 'teenage boy', 'teenage love', 'evil', 'super villain', 'taking responsibility']","['Tobey Maguire', 'Willem Dafoe', 'Kirsten Dunst', 'James Franco', 'Cliff Robertson', 'Rosemary Harris', 'J.K. Simmons', 'Joe Manganiello', 'Gerry Becker', 'Bill Nunn']",['Sam Raimi'],121,2002-05-01,7.342,21101,161.4304,/or6XJBVpcEbIkma0V9zshnbEtx4.jpg,/zQ8AxTPiCiS5nnwXpwTBPBHSaa5.jpg,en
1273221,Scary Movie,"Twenty-six years after outrunning a suspiciously familiar masked killer, the Core Four are back in the killer's crosshairs and no horror movie IP is safe.",['Comedy'],"['parody', 'sequel', 'slapstick comedy', 'crude humor', 'spoof', 'animated scene', 'slasher', 'horror spoof', 'dildo', 'reboot', 'duringcreditsstinger', 'mother daughter estrangement', 'legacy', 'offensive', 'complex', 'cosmetic surgery', 'weed', 'horror parody', 'social media influencer', 'livestream', 'stoner comedy', 'hilarious', 'excited', 'mocking', 'meta humor', 'gross out', 'raunchy']","['Marlon Wayans', 'Shawn Wayans', 'Anna Faris', 'Regina Hall', 'Kenan Thompson', 'Teyana Taylor', 'Dave Sheridan', 'Lochlyn Munro', 'Carmen Electra', 'Kim Wayans']",['Michael Tiddes'],96,2026-06-03,6.463,1587,161.8298,/znHT8peERZRWG1ME3r0Db0EV8k8.jpg,/xWBiXclrRmTggQHMRsIn84YHavs.jpg,en
1698863,The Odyssey,"Based on the Ancient Greek epic. After ten years of war, King Odysseus sets sail for Ithaca, eager to reunite with his beloved. But his journey home is far more treacherous than the battlefield, as he must face deadly monsters and vengeful gods to survive.","['Adventure', 'Fantasy', 'Action']",['mockbuster'],"['Myrom Kingery', 'Morgan Flanagan', 'Patrick Byrnes', 'Dominic Keating', 'Llana Barron', 'Jordan Iverach', 'Tony Wood', 'Ashton Rogers', 'Angelo Kern', 'Martin Richard Chappell']",['Marcel Walz'],86,2026-07-03,6.469,16,136.2084,/xBHCRB7zLIW41w8QskfwJhm32YF.jpg,/rOIaKlAX0SeNC25dFbM0y1mFsH6.jpg,en
454639,Masters of the Universe,"After being separated for 15 years, the Sword of Power leads Prince Adam back to Eternia, where he discovers his home shattered under the fiendish rule of Skeletor. To save his family and his world, Adam must join forces with his closest allies, Teela and Duncan/Man-At-Arms, and embrace his true destiny as He-Man — the most powerful man in the universe.","['Action', 'Fantasy', 'Science Fiction']","['skeleton', 'superhero', 'nostalgia', 'alien planet', 'based on toy', 'super power', 'reboot', 'aftercreditsstinger', 'duringcreditsstinger', 'warrior', 'sword and planet', 'father son conflict', 'sword and sorcery', 'father daughter relationship', 'loving', 'based on tv series', 'inspirational', 'instructive']","['Nicholas Galitzine', 'Camila Mendes', 'Idris Elba', 'Jared Leto', 'Alison Brie', 'Jóhannes Haukur Jóhannesson', 'Jon Xue Zhang', 'Sam C. Wilson', 'James Purefoy', 'Charlotte Riley']",['Travis Knight'],141,2026-06-03,7.2,1760,132.2667,/oRuyGUHdoaQxWP3SDfafGkStxTC.jpg,/yQIdU11DYQQp0neGtGtGxbGfRer.jpg,en
980431,Avatar Aang: The Last Airbender,"Avatar Aang, the world's last Airbender, learns of an ancient power that could save his culture from extinction. With the help of his friends, he embarks on a global quest to find it before it falls into the wrong hands and threatens to upend the peace they sacrificed everything to achieve.","['Animation', 'Action', 'Adventure', 'Fantasy']","['martial arts', 'extinction', 'cultural identity', 'based on tv series', 'amused', 'comforting', 'hopeful', 'anime inspired']","['Eric Nam', 'Dave Bautista', 'Jessica Matten', 'Román Zaragoza', 'Steven Yeun', 'Dionne Quan', 'Dee Bradley Baker', 'Freida Pinto', 'Ke Huy Quan', 'Taika Waititi']",['Lauren Montgomery'],99,2026-07-24,9.279,828,143.3652,/3sgnSfNT27Bx5O5ukr7B26mhEQq.jpg,/ezbrL1dMymKQZw7mDEWa2ZTzN7d.jpg,en
687163,Project Hail Mary,"Science teacher Ryland Grace wakes up on a spaceship light years from home with no recollection of who he is or how he got there. As his memory returns, he begins to uncover his mission: solve the riddle of the mysterious substance causing the sun to die out. He must call on his scientific knowledge and unorthodox ideas to save everything on Earth from extinction.","['Science Fiction', 'Adventure']","['friendship', 'coma', 'based on novel or book', 'bravery', 'sun', 'language barrier', 'space travel', 'space mission', 'alien', 'space', 'memory loss', 'astronaut', 'scientist', 'science teacher', 'save the planet', 'spaceship', 'interspecies friendship']","['Ryan Gosling', 'Sandra Hüller', 'James Ortiz', 'Lionel Boyce', 'Milana Vayntrub', 'Ken Leung', 'Priya Kansara', 'Mia Soteriou', 'Annelle Olaleye', 'Maya Eva Hosein']","['Phil Lord', 'Christopher Miller']",157,2026-03-15,8.656,6988,138.522,/yihdXomYb5kTeSivtFndMy5iDmf.jpg,/8Tfys3mDZVp4tNoH2ktm06a0Tau.jpg,en
1564614,Leviticus,Two teenage boys must escape a violent entity that takes the form of the person they desire most:  each other.,"['Horror', 'Romance']","['supernatural', 'priest', 'teenage boy', 'lgbt', 'lgbt teen', 'shocking', 'candid', 'conversion therapy', 'queer', 'supernatural horror', 'gay theme', 'queer horror', 'psychological', 'independent film', 'psychological horror', 'teen horror', 'informative']","['Joe Bird', 'Stacy Clausen', 'Mia Wasikowska', 'Nicholas Hope', 'Tyallah Bullock', 'Ewen Leslie', 'Jeremy Blewitt', 'Davida McKenzie', 'Shannon Berry', 'Julia Grace']",['Adrian Chiarella'],88,2026-06-17,6.726,286,126.6507,/gnAsZvBygplNpp8PtjoTEYv3VPB.jpg,/7y8zWGEjs7tresw4Hzkkf4TdkcL.jpg,en
1311031,Demon Slayer: Kimetsu no Yaiba Infinity Castle,"The Demon Slayer Corps are drawn into the Infinity Castle, where Tanjiro, Nezuko, and the Hashira face terrifying Upper Rank demons in a desperate fight as the final battle against Muzan Kibutsuji begins.","['Animation', 'Action', 'Fantasy']","['supernatural', 'sequel', 'based on manga', 'demon', 'shounen', 'anime', 'brother sister relationship', 'taisho period']","['Natsuki Hanae', 'Takahiro Sakurai', 'Akira Ishida', 'Hiro Shimono', 'Yoshimasa Hosoya', 'Saori Hayami', 'Mamoru Miyano', 'Reina Ueda', 'Yuichi Nakamura', 'Lynn']",['Haruo Sotozaki'],156,2025-07-18,8.701,1803,126.2866,/fWVSwgjpT2D78VUh6X8UBd2rorW.jpg,/1RgPyOhN4DRs225BGTlHJqCudII.jpg,ja
1594914,Lucky Strike,"A wounded American soldier fights to survive behind enemy lines during WWII's Battle of the Bulge against the Germans, relying on his instinct, spy craft and a hand-radio to evade capture and find his way back to his unit.","['Action', 'War']","['world war ii', 'based on true story', 'behind enemy lines', 'battle of the bulge', '1940s']","['Scott Eastwood', 'Colin Hanks', 'Aunjanue Ellis-Taylor', 'Taylor John Smith', 'Lorne MacFadyen', 'Atanas Srebrev', 'Alfie Stewart', 'Jonathan Yunger', 'Timothy Blore', 'Laurent Maurel']",['Rod Lurie'],102,2026-06-26,7.5,25,131.5011,/kzRAd7mj39ZY3FGNrDdZjqx56tn.jpg,/1ebY06Gc1eUZcCoO7IoD4tWCFxm.jpg,en
429617,Spider-Man: Far From Home,"Peter Parker and his friends go on a summer trip to Europe. However, they will hardly be able to rest - Peter will have to agree to help Nick Fury uncover the mystery of creatures that cause natural disasters and destruction throughout the continent.","['Action', 'Adventure', 'Science Fiction']","['venice, italy', 'secret identity', 'superhero', 'school trip', 'europe', 'based on comic', 'sequel', 'travel', 'aftercreditsstinger', 'duringcreditsstinger', 'marvel cinematic universe (mcu)', 'masked superhero', 'tower of london', 'teen superhero']","['Tom Holland', 'Jake Gyllenhaal', 'Samuel L. Jackson', 'Marisa Tomei', 'Jon Favreau', 'Zendaya', 'Jacob Batalon', 'Tony Revolori', 'Angourie Rice', 'Remy Hii']",['Jon Watts'],129,2019-06-28,7.394,17354,109.2243,/4q2NNj4S5dG2RLF9CpXsej7yXl.jpg,/vamhMTvh9m9zFHDoR0v1nRtf6T4.jpg,en
1630409,The Debt Collector,"Tormented by past mistakes and a terminal diagnosis, an ex-debt collector returns to the underworld to protect the victims of a violent organization.","['Action', 'Thriller', 'Crime']",[],"['Nadech Kugimiya', 'Pittaya Saechua', 'Chaiwat Thongsaeng', 'Nuanprang Treechit', 'Jonathan Holman', 'Ploypaphas Fonkaewsiwaporn', 'Kunkanit Khumkrong', 'Nuttanun Kunnawatt', 'Paphon Jirahitapat', 'Saichia Wongwirot']",['Surapong Ploensang'],134,2026-07-20,7.909,88,105.2029,/qADBUb5ybrkRVGZEFF8Z4RuOwys.jpg,/dk68ykaNd3HdrDJyPJqEGsgvag7.jpg,th
1727780,Borderline,"Convinced they are our secret saviors, rogue U.S. operatives abduct Mexican gang members and seed them across major American cities, unleashing criminal chaos, swaying voters by playing on nativist prejudices, and forcing law enforcement into a race to expose the plot as the escalating carnage threatens democracy itself.",['Thriller'],"['mexico', 'washington dc, usa', 'government', 'immigration', 'conspiracy', 'virginia', 'illegal', 'political thriller', 'independent film', 'gang members', 'indie film', 'baltimore']","['Marissa Arguijo', 'Michael-Eoin Stanney', 'Marcus Jean Pirae', 'Dominic Hernandez', 'Nigel Vonas', 'Oscar Alejandro']",['Ryan Jordan'],94,2026-07-17,5.885,13,102.1945,/sAA2mjpYJFAKydtzG4P4aHC4mZk.jpg,/wPSOPYy2fV62GjeXpVdKyweZGZu.jpg,en
82976,The Novices,"Sister Agnès runs away from her convent in Brittany and seeks refuge in Paris with prostitute Mona Lisa. With absolutely no qualifications, the young novice has a hard job finding work, so Mona Lisa tries to teach her the ropes of the oldest profession of them all!","['Comedy', 'Drama']",[],"['Brigitte Bardot', 'Annie Girardot', 'Jacques Duby', 'Jean Carmet', 'Jess Hahn', 'Jacques Jouanneau', 'Noël Roquevert', 'Dominique Zardi', 'Angelo Bardi', 'Lucien Barjon']",['Guy Casaril'],91,1970-04-01,4.8,13,117.7047,/a2SnSbRxMB4vktOxZapaspY2fTC.jpg,/yhGCxn4pYIQhK52g6JjM4bL9fVX.jpg,fr
1314481,The Devil Wears Prada 2,"Andy Sachs returns to Runway as Miranda Priestly navigates a new media landscape and Runway's position within. The duo reconnect with former assistant Emily Charlton, now the head of a luxury brand that possesses funding which could ensure Runway's survival.","['Comedy', 'Drama']","['new york city', 'based on novel or book', 'sequel', 'fashion', 'fashion magazine', 'dramedy', 'magazine editor', 'fashion industry', 'fashionista']","['Anne Hathaway', 'Meryl Streep', 'Emily Blunt', 'Stanley Tucci', 'Kenneth Branagh', 'Justin Theroux', 'Lucy Liu', 'Tracie Thoms', 'Tibor Feldman', 'B.J. Novak']",['David Frankel'],119,2026-04-29,7.086,2036,99.7497,/xTI42pmsP5EDnvsNJPEDubwWBQO.jpg,/Af907x5h9W1wVis8XrSd7ynTWuy.jpg,en
1110034,Kraken,"A marine biologist is doing research on a fish farm when she encounters several strange occurrences. Along with the brutal deaths of two teenagers, all signs point to the deep fjord; can there be more to the depths than the eye can see?","['Horror', 'Action', 'Thriller']","['sea monster', 'norwegian folklore', 'cautionary']","['Sara Khorami', 'Mikkel Bratt Silset', 'Ingvild Holthe Bygdnes', 'Øyvind Brandtzæg', 'Jenny Evensen', 'Steinar Klouman Hallert', 'Filip Bargee Ramberg', 'Jon Erik Myre', 'Hans Morten Hansen', 'Magnús Blöndal Jóhannsson']",['Pål Øie'],94,2026-02-06,6.325,266,94.4635,/xdZ8k5s8DTwWyPBMIcflrYLgcAK.jpg,/oV472EbPedkc5QzqolGc7sCgCnn.jpg,no
1930,The Amazing Spider-Man,A teenage Peter Parker grapples with both high school and amazing super-human crises as his alter-ego Spider-Man.,"['Action', 'Adventure', 'Science Fiction']","['new york city', 'experiment', 'loss of loved one', 'superhero', 'based on comic', 'vigilante', 'teenage girl', 'teenage boy', 'super power', 'spider bite', 'masked vigilante', 'reboot', 'genetic engineering', 'social outcast', 'death of husband', 'duringcreditsstinger', 'virus', 'teen superhero', 'teenage angst', 'vigilante justice']","['Andrew Garfield', 'Emma Stone', 'Rhys Ifans', 'Denis Leary', 'Martin Sheen', 'Sally Field', 'Irrfan Khan', 'Campbell Scott', 'Embeth Davidtz', 'Chris Zylka']",['Marc Webb'],136,2012-06-23,6.749,18858,99.0154,/jexoNYnPd6vVrmygwF6QZmWPFdu.jpg,/HVcza6tJtWFrLriuh3Ano4Vt46.jpg,en
1510795,"Shake, Rattle & Roll: Evil Origins","In 1775 during the Spanish colonial period in the Philippines, nuns attempts to survive the night after an unknown evil was set free in their cloister. Meanwhile in 2025, a group of friends attend a Halloween masquerade ball which was attacked by a serial killer. Fast forward to the future in 2050, a post-apocalytic Philippines is ruled by the aswang.",['Horror'],"['connected', 'horror anthology', 'terror', 'mmff']","['Carla Abellana', 'Richard Gutierrez', 'Ivana Alawi', 'Manilyn Reynes', 'Janice de Belen', 'Francine Diaz', 'Loisa Andalio', 'Seth Fedelin', 'Fyang Smith', 'JM Ibarra']","['Shugo Praico', 'Joey De Guzman', 'Ian Loreños']",148,2026-06-05,4.0,5,92.4313,/2ayOQIh18qhJRoajoAxxGuZXry2.jpg,/90Vx3KpCXR2D9iVdxJpkjeYBq9P.jpg,tl
950028,The Invite,"Joe and Angela's marriage is on thin ice. When they invite their enigmatic upstairs neighbors for a dinner party, the night spirals into unexpected places. Have they reignited the spark or lit the match that burns it all down?","['Comedy', 'Drama', 'Romance']","['husband wife relationship', 'san francisco, california', 'remake', 'firefighter', 'sexologist', 'anxious', 'neighbors']","['Seth Rogen', 'Olivia Wilde', 'Penélope Cruz', 'Edward Norton', 'Skip Howland', 'Mel Powell', 'Rachel Thurow', 'Mario Valdez']",['Olivia Wilde'],107,2026-06-25,7.439,173,100.8765,/b7Dr8Chzse8VagexAporUu2RtLx.jpg,/lEwqBGNR65KZv6Ej5ufcmhZu2y2.jpg,en
1404304,The Isolate Thief,A young woman struggles to conceal the gold she stole from a group of violent outlaws who have seized control of her remote outpost.,"['Western', 'Action', 'Drama']",[],"['Mackenzie Foy', 'Odeya Rush', 'Sean Bean', 'Joe Pantoliano', 'Jack Kesy', 'Ty Simpkins', 'Martin Sensmeier', 'Bryan Martin', 'Philip McDermott Young', 'Mark Alan Jaeger']",['John Suits'],95,2026-07-10,7.4,15,98.9018,/gmmCh2BvTKp0YGT2FYG0eOQJELi.jpg,/mwqxKmbW6ssqa5CKHrgocqbkL0C.jpg,en
936075,Michael,"The story of Michael Jackson, one of the most influential artists the world has ever known, and his life beyond the music. His journey from the discovery of his extraordinary talent as the lead of the Jackson Five, to the visionary artist whose creative ambition fueled a relentless pursuit to become the biggest entertainer in the world, highlighting both his life off-stage and some of the most iconic performances from his early solo career.","['Music', 'Drama']","['child abuse', 'sibling relationship', '1970s', 'abusive father', 'ambition', 'biography', 'based on true story', 'singer', 'period drama', 'music history', 'price of fame', 'singer-songwriter', 'rise to fame', '1980s', '1960s', 'music', 'biographical drama', 'music drama', 'biopic']","['Jaafar Jackson', 'Colman Domingo', 'Nia Long', 'Juliano Krue Valdi', 'KeiLyn Durrel Jones', 'Miles Teller', 'Larenz Tate', 'Laura Harrier', 'Mike Myers', 'Kendrick Sampson']",['Antoine Fuqua'],128,2026-04-22,8.685,3983,92.8659,/zm0KAbOjlt9eR5y7vDiL2dEOwMl.jpg,/ufSwlnECLoUbBjPrFqEQcWBzHwc.jpg,en
1698856,Master of the Universe,"A young man must use his untapped powers to fight back against an evil alien and their army, who will stop at nothing to take over Earth and then the universe.","['Science Fiction', 'Action', 'Fantasy']","['based on toy', 'mockbuster', 'bewildered']","['Matthew Gademske', 'Morgan Flanagan', 'Krymis J Fernando', 'Antonio Valles', 'Telisha Johnson', 'Llana Barron', ""Jim O'Brien"", 'Bryan Barron', 'Bryan J Mangam', 'Leo Christopher Sheridan']",['Marcel Walz'],81,2026-05-22,4.831,59,84.1368,/a77OcLmarwiBJakOPPC36m58t4L.jpg,/uOQtyMV2G9yJvc0s14zmLoRC5H9.jpg,en
1523145,Your Heart Will Be Broken,"High school student Polina is saved from bullying at her new school and makes a deal with the main bully Bars: he must pretend to be her boyfriend and protect her, and she must do everything he says. During this game, the couple develops real feelings, but her family and classmates have reasons to separate the lovers.",['Romance'],['based on novel or book'],"['Daniel Vegas', 'Veronika Zhuravleva', 'Ivan Trushin', 'Maksim Saprykin', 'Alya Mayer', 'Evgeniya Loza', 'Pavel Kuzmin', 'Alexandra Tikhonova', 'Margarita Dyachenkova', 'Anton Solomatin']",['Mikhail Vaynberg'],134,2026-03-26,7.1,120,91.1852,/7wIBfBl2gejt6xHxNSK0reVIm7E.jpg,/1x9e0qWonw634NhIsRdvnneeqvN.jpg,ru
299536,Avengers: Infinity War,"As the Avengers and their allies have continued to protect the world from threats too large for any one hero to handle, a new danger has emerged from the cosmic shadows: Thanos. A despot of intergalactic infamy, his goal is to collect all six Infinity Stones, artifacts of unimaginable power, and use them to inflict his twisted will on all of reality. Everything the Avengers have fought for has led up to this moment - the fate of Earth and existence itself has never been more uncertain.","['Adventure', 'Action', 'Science Fiction']","['sacrifice', 'magic', 'superhero', 'based on comic', 'space', 'battlefield', 'genocide', 'magical object', 'super power', 'superhero team', 'aftercreditsstinger', 'marvel cinematic universe (mcu)', 'cosmic']","['Robert Downey Jr.', 'Chris Evans', 'Chris Hemsworth', 'Josh Brolin', 'Mark Ruffalo', 'Scarlett Johansson', 'Don Cheadle', 'Benedict Cumberbatch', 'Tom Holland', 'Chadwick Boseman']","['Joe Russo', 'Anthony Russo']",149,2018-04-25,8.2,32538,92.3035,/7WsyChQLEftFiDOVTGkv3hFpyyt.jpg,/mDfJG3LC3Dqb67AZ52x3Z0jU0uB.jpg,en
82023,Hotel Desire,"Antonia is a single mother who works as a hotel maid in Berlin. A normal hot summer day takes a dramatic turn when she crosses paths with a particular guest of the hotel, famous blind portrait painter Julius Pass.","['Drama', 'Romance']","['hotel', 'sexuality', 'kiss', 'maid', 'single mother', 'softcore', 'blind man', 'caress', 'short film']","['Saralisa Volm', 'Clemens Schick', 'Jan-Gregor Kremp', 'Herbert Knaup', 'Palina Rojinski', 'Frederick Lau', 'Trystan Pütter', 'Carlo Ljubek', 'Liroy Gehrke', 'Petar Knezevic']",['Sergej Moya'],38,2011-12-07,6.186,153,98.6777,/47XRWH95ATv4szxdWHl723guWXP.jpg,/wcUohmHc9oDZXarXDp905TYVui4.jpg,de
1127384,Deep Water,A group of international passengers on a flight from Los Angeles to Shanghai is forced to make an emergency landing in shark-infested waters. The terrified group is forced to work together and overcome their differences if they hope to escape their sinking plane and the frenzy of sharks drawn to the wreckage.,"['Horror', 'Thriller']","['deep sea', 'shark']","['Aaron Eckhart', 'Ben Kingsley', 'Molly Belle Wright', 'Angus Sampson', 'Elijah Tamati', 'Zhao Simei', 'Li Wenhan', 'Nashi', 'Richard Crouchley', 'Madeleine West']",['Renny Harlin'],107,2026-04-30,7.165,381,85.5693,/kjcuS7xaRyqRjVaVcH4t0qHshuX.jpg,/szKv713FcUXx6hcfdY369vtkmzr.jpg,en
102382,The Amazing Spider-Man 2,"For Peter Parker, life is busy. Between taking out the bad guys as Spider-Man and spending time with the person he loves, Gwen Stacy, high school graduation cannot come quickly enough. Peter has not forgotten about the promise he made to Gwen’s father to protect her by staying away, but that is a promise he cannot keep. Things will change for Peter when a new villain, Electro, emerges, an old friend, Harry Osborn, returns, and Peter uncovers new clues about his past.","['Action', 'Adventure', 'Science Fiction']","['new york city', 'experiment', 'obsession', 'secret identity', 'superhero', 'based on comic', 'sequel', 'electrocution', 'super power', 'masked superhero', 'teen superhero', 'disapproving']","['Andrew Garfield', 'Emma Stone', 'Jamie Foxx', 'Dane DeHaan', 'Colm Feore', 'Felicity Jones', 'Paul Giamatti', 'Sally Field', 'Embeth Davidtz', 'Campbell Scott']",['Marc Webb'],141,2014-04-16,6.553,14542,83.2844,/dGjoPttcbKR5VWg1jQuNFB247KL.jpg,/k0hlAzTryCYX1O1LyC6P8tAa8s0.jpg,en
931285,Mortal Kombat II,"The fan favorite champions—now joined by Johnny Cage himself—are pitted against one another in the ultimate, no-holds barred, gory battle to defeat the dark rule of Shao Kahn that threatens the very existence of the Earthrealm and its defenders.","['Action', 'Fantasy', 'Adventure']","['martial arts', 'magic', 'ninja fighter', 'gore', 'sequel', 'god', 'alternate dimension', 'ninja', 'fighting', 'based on video game', 'martial arts tournament', 'struggling actor', 'hand to hand combat', 'aggressive', 'amused']","['Karl Urban', 'Adeline Rudolph', 'Ludi Lin', 'Jessica McNamee', 'Josh Lawson', 'Martyn Ford', 'Mehcad Brooks', 'Tati Gabrielle', 'Lewis Tan', 'Max Huang']",['Simon McQuoid'],116,2026-05-06,7.885,2344,82.418,/hwRdDFIhaEmpRgoki805YvyyjZf.jpg,/4EAAwpylq313qrDqpCxulUrXBNF.jpg,en
1668364,Desire,"Lucero’s life appears immaculate: a wealthy household, a devoted husband, and two children who embody the promise of a perfect family. Yet beneath this surface simmers a quiet dissatisfaction. When Matías, a young swimming coach hired by her husband, enters their lives, Lucero finds herself pulled into a risky and consuming relationship. As secrecy, desire, and jealousy tighten their grip, the boundaries within the family begin to collapse, placing mother and daughter in a dangerous emotional triangle that threatens to shatter everything Lucero has built.","['Mystery', 'Drama']",[],"['Ludwika Paleta', 'José María Yázpik', 'Óscar Casas', 'Leonardo Ortizgris', 'Matías Coronado', 'Pilar Pascual', 'Ivana Salomón', 'Gabriela Zamora', 'Jaydy Michel', 'Giovani Florido']",['Teresa Simone'],97,2026-05-07,6.754,213,73.5038,/3bEqHqeaQlFykaLQ7N4gDkIvL5w.jpg,/oBter8Y5p2ZFUwWgQ1T9pulGFTJ.jpg,es
1084242,Zootopia 2,"After cracking the biggest case in Zootopia's history, rookie cops Judy Hopps and Nick Wilde find themselves on the twisting trail of a great mystery when Gary De'Snake arrives and turns the animal metropolis upside down. To crack the case, Judy and Nick must go undercover to unexpected new parts of town, where their growing partnership is tested like never before.","['Animation', 'Adventure', 'Comedy', 'Mystery', 'Family']","['snake', 'bunny', 'fox', 'cop', 'sequel', 'anthropomorphism', 'animals', 'displacement', 'buddy cop', 'buddy comedy', 'complex', 'playful', 'talking animal', '3d animation', 'embarrassed', 'excited']","['Ginnifer Goodwin', 'Jason Bateman', 'Ke Huy Quan', 'Fortune Feimster', 'Andy Samberg', 'David Strathairn', 'Idris Elba', 'Shakira', 'Patrick Warburton', 'Quinta Brunson']","['Jared Bush', 'Byron Howard']",108,2025-11-26,7.685,3244,85.4169,/oJ7g2CifqpStmoYQyaLQgEU32qO.jpg,/lgotja3xMoJZbynwHfcQcJAEMWH.jpg,en
1226863,The Super Mario Galaxy Movie,"Having thwarted Bowser's previous plot to marry Princess Peach, Mario and Luigi now face a fresh threat in Bowser Jr., who is determined to liberate his father from captivity and restore the family legacy. Alongside companions new and old, the brothers travel across the stars to stop the young heir's crusade.","['Family', 'Comedy', 'Adventure', 'Fantasy', 'Animation']","['galaxy', 'friendship', 'sibling relationship', 'space travel', 'sequel', 'space', 'based on video game', 'buddy comedy', 'aftercreditsstinger', 'duringcreditsstinger', 'space adventure', 'father son relationship', 'parallel universe', 'brother brother relationship', 'talking animal', 'magic land', '3d animation', 'adoring']","['Chris Pratt', 'Charlie Day', 'Anya Taylor-Joy', 'Jack Black', 'Keegan-Michael Key', 'Donald Glover', 'Benny Safdie', 'Brie Larson', 'Glen Powell', 'Luis Guzmán']","['Michael Jelenic', 'Aaron Horvath']",98,2026-04-01,8.248,3421,78.3164,/eJGWx219ZcEMVQJhAgMiqo8tYY.jpg,/kxQiIJ4gVcD3K6o14MJ72p5yRcE.jpg,en
83533,Avatar: Fire and Ash,"In the wake of the devastating war against the RDA and the loss of their eldest son, Jake Sully and Neytiri face a new threat on Pandora: the Ash People, a violent and power-hungry Na'vi tribe led by the ruthless Varang. Jake's family must fight for their survival and the future of Pandora in a conflict that pushes them to their emotional and physical limits.","['Science Fiction', 'Adventure', 'Fantasy']","['witch', 'clone', 'space war', 'tribe', 'sequel', 'alien', 'transhumanism', 'family', 'space adventure', 'motion capture', 'family dynamics', 'rival']","['Sam Worthington', 'Zoe Saldaña', 'Sigourney Weaver', 'Stephen Lang', 'Oona Chaplin', 'Jack Champion', 'Kate Winslet', 'Cliff Curtis', 'Joel David Moore', 'CCH Pounder']",['James Cameron'],198,2025-12-17,7.642,4106,80.8103,/bRBeSHfGHwkEpImlhxPmOcUsaeg.jpg,/sdZSjtGUTSN8B3al5o0f2WoQfQQ.jpg,en
1228710,The Mandalorian and Grogu,"The evil Empire has fallen, and Imperial warlords remain scattered throughout the galaxy. As the fledgling New Republic works to protect everything the Rebellion fought for, they have enlisted the help of legendary Mandalorian bounty hunter Din Djarin and his young apprentice Grogu.","['Action', 'Adventure', 'Science Fiction']","['galaxy', 'bounty hunter', 'spin off', 'space opera', 'nostalgic', 'space adventure', 'based on tv series', 'master apprentice relationship', 'bold']","['Pedro Pascal', 'Jeremy Allen White', 'Sigourney Weaver', 'Brendan Wayne', 'Lateef Crowder', 'Steve Blum', 'Jonny Coyne', 'Matthew Willig', 'Martin Scorsese', 'Hemky Madera']",['Jon Favreau'],132,2026-05-20,7.489,1228,77.6933,/7GV5rrUJf0BRUhoh2cyFoeNthlQ.jpg,/MJcERawyqGqJdPsOBc0C449hQ9.jpg,en
1101383,The End of Oak Street,"After a mysterious cosmic event rips Oak Street from suburbia and transports their neighborhood to someplace unknown, the Platt family soon discovers that their very survival depends on them sticking together as they navigate their now unrecognizable surroundings.","['Science Fiction', 'Mystery', 'Thriller']","['family relationships', 'survival', 'dinosaur', 'neighborhood', '1980s', 'survival adventure']","['Anne Hathaway', 'Ewan McGregor', 'Christian Convery', 'Maisy Stella', 'Jordan Alexa Davis', 'P.J. Byrne', 'Bethany Anne Lind', 'Emily Kuroda', 'Denitra Isler', 'Hudson Meek']",['David Robert Mitchell'],100,2026-08-12,7.0,44,112.6153,/3SifFCwwFzXdU1Ew0nA4Z92Bs15.jpg,/b9q9VmbXDvJmTziRqkwdEmFdwhr.jpg,en
559,Spider-Man 3,"The seemingly invincible Spider-Man goes up against an all-new crop of villains—including the shape-shifting Sandman. While Spider-Man’s superpowers are altered by an alien organism, his alter ego, Peter Parker, deals with nemesis Eddie Brock and also gets caught up in a love triangle.","['Action', 'Adventure', 'Science Fiction']","['amnesia', 'dual identity', ""love of one's life"", 'loss of loved one', 'forgiveness', 'hostility', 'superhero', 'sandstorm', 'spider', 'wretch', 'sand', 'narcissism', 'egomania', 'based on comic', 'sequel', 'revenge', 'symbiote', 'amused']","['Tobey Maguire', 'Kirsten Dunst', 'James Franco', 'Thomas Haden Church', 'Topher Grace', 'Bryce Dallas Howard', 'Rosemary Harris', 'J.K. Simmons', 'James Cromwell', 'Dylan Baker']",['Sam Raimi'],139,2007-05-01,6.472,15539,79.212,/sJMTTGjtjvrMZ7G0oP9D13wNUum.jpg,/FfAU0PUs8AJkMU2VbkVNFtRXR4.jpg,en
1439930,The Punisher: One Last Kill,"As Frank Castle searches for meaning beyond revenge, an unexpected force pulls him back into the fight.","['Action', 'Drama', 'Crime']","['new york city', 'post-traumatic stress disorder (ptsd)', 'gun', 'anti hero', 'hallucination', 'based on comic', 'revenge', 'one man army', 'death of family', 'mental health', 'marvel cinematic universe (mcu)', 'hunted', 'aggressive', 'vigilante justice']","['Jon Bernthal', 'Deborah Ann Woll', 'Jason R. Moore', 'Judith Light', 'Kelli Barrett', 'Andre Royo', 'John Douglas Thompson', 'Colton Hill', 'Nick Koumalatsos', 'Addie Bernthal']",['Reinaldo Marcus Green'],51,2026-05-12,8.297,2051,76.7083,/qQclTgLMDvGBuUBFGHRipxkEwWR.jpg,/qO55CD8tgVL1T4WKn6zYFFiD6lL.jpg,en
24428,The Avengers,"When an unexpected enemy emerges and threatens global safety and security, Nick Fury, director of the international peacekeeping agency known as S.H.I.E.L.D., finds himself in need of a team to pull the world back from the brink of disaster. Spanning the globe, a daring recruitment effort begins!","['Science Fiction', 'Action', 'Adventure']","['new york city', 'superhero', 'shield', 'based on comic', 'alien invasion', 'superhero team', 'aftercreditsstinger', 'duringcreditsstinger', 'marvel cinematic universe (mcu)']","['Robert Downey Jr.', 'Chris Evans', 'Mark Ruffalo', 'Chris Hemsworth', 'Scarlett Johansson', 'Jeremy Renner', 'Tom Hiddleston', 'Clark Gregg', 'Cobie Smulders', 'Stellan Skarsgård']",['Joss Whedon'],143,2012-04-25,8.065,39185,82.2066,/RYMX2wcKCBAr24UyPD7xwmjaTn.jpg,/9BBTo63ANSmhC4e6r62OJFuK2GL.jpg,en
1569947,The Priest: Thanksgiving Massacre,"A family gather to spend Thanksgiving at an isolated cabin, unaware that the site has a horrific history of murder and cannibalism and that the Priest responsible did not rest in peace. Now they are on the menu for Thanksgiving dinner.",['Horror'],"['thanksgiving', 'cannibalism', 'pilgrims', 'killer priest']","['Jo Krayer', 'Liz Soutar', 'Holly Higbee', 'Brooklyn Ross', 'Dani Thompson', 'Mark Topping', 'Melody Smith']",['Steve Lawson'],83,2025-08-08,3.481,52,78.5082,/AiRySv62247N91mfCCAryACGNuv.jpg,/1ldfkNbf3joNG8mA6idXoEL1fZV.jpg,en
1419406,The Shadow's Edge,Macau Police brings the tracking expert police officer out of retirement to help catch a dangerous group of professional thieves.,"['Action', 'Crime', 'Drama', 'Thriller']","['race against time', 'ex-cop', 'betrayal', 'nostalgic', 'macau', 'hand to hand combat', 'manhunt', 'hidden agenda', 'dramatic', 'hacked camera system', 'cryptocurrency', 'security breach', 'tracking expert', 'spectacular action scenes', 'surveillance city', 'family stakes']","['Jackie Chan', 'Zhang Zifeng', 'Tony Leung Ka-fai', 'Ci Sha', 'Jun', 'Zhou Zhengjie', 'Wang Ziyi', 'Lang Yueting', 'Lin Qiunan', 'Zac Wang']",['Larry Yang'],142,2025-08-16,8.068,1164,71.7597,/cHKo3m8N1fwvEy2ZEr0xGmmMODV.jpg,/4BtL2vvEufDXDP4u6xQjjQ1Y2aT.jpg,zh
1280738,The Furious,"After a criminal network kidnaps Wang Wei's daughter and the corrupt police refuse to assist him, Wei sets out on his own to locate her. Navin, a tenacious journalist whose wife has mysteriously vanished, is his only ally. In this explosive martial arts showdown, the unlikely duo fights the kidnappers ruthlessly driven by a furious vengeance.","['Action', 'Crime', 'Thriller']","['martial arts', 'kung fu', 'rescue mission', 'police corruption', 'child trafficking', 'child kidnapping', 'missing wife', 'child rescue', 'frustrated', 'relentless vengeance', 'dynamic duo']","['Xie Miao', 'Joe Taslim', 'Yang Enyou', 'Yayan Ruhian', 'JeeJa Yanin', 'Brian Le', 'Joey Iwanaga', 'Sahajak Boonthanakit', 'Manatsanun Panlertwongskul', 'Winai Wiangyangkung']",['Kenji Tanigaki'],113,2026-06-10,7.763,399,83.7546,/zP19YO60jwEsfKd5Qf1UvA5uJu8.jpg,/9XwQphZxNJgGASfjL58mhIkJJpf.jpg,zh
1525963,Debtor’s Wife,"Soo-yeong and Hae-soo are college friends stuck in a love tangle: Soo-yeong likes Che-moo, but Che-moo likes Hae-soo. Meanwhile, Hae-soo likes Dae-in, but Dae-in likes Soo-yeong. Despite the mixed-up feelings, they end up in mismatched marriages. Later, Hae-soo wants to have a baby and tries to get closer to her husband, Dae-in. But Dae-in knows he can’t have children, so he secretly makes a surprising proposal to Soo-yeong’s husband, Che-moo.",[],[],"['Yoon Yool', 'Min Do-yoon', 'So Ra']",[],0,2024-12-26,0.0,0,55.6408,/ouXTrnJBimHIhWIUlHARDJH47no.jpg,,ko
1263532,Beast Race,"In future Rio de Janeiro, a young leader of the resistance must enter a deadly parkour-inspired competition in order to save his sister's life.","['Action', 'Science Fiction', 'Thriller']","['bet', 'dystopia', 'post-apocalyptic future', 'parkour', 'game', 'dark future', 'running race', 'social inequality', 'futuro distópico', 'dying race']","['Matheus Abreu', 'Rodrigo Santoro', 'Isis Valverde', 'Thainá Duarte', 'Bruno Gagliasso', 'Seu Jorge', 'Silvero Pereira', 'João Guilherme Ávila', 'Jade Sassará', 'Leandro Firmino']","['Fernando Meirelles', 'Rodrigo Pesavento', 'Ernesto Solis']",124,2026-03-17,6.283,60,72.6204,/mwmfEqWXZG6HmAUuN5SjO8s7UNV.jpg,/1WWukZCoavYEofNVRHJqE4t1urW.jpg,pt
822119,Captain America: Brave New World,"After meeting with newly elected U.S. President Thaddeus Ross, Sam finds himself in the middle of an international incident. He must discover the reason behind a nefarious global plot before the true mastermind has the entire world seeing red.","['Action', 'Thriller', 'Science Fiction']","['hero', 'usa president', 'the white house', 'superhero', 'based on comic', 'sequel', 'revenge', 'superhuman', 'summit', 'aftercreditsstinger', 'marvel cinematic universe (mcu)', 'sidekick', 'assassination attempt', 'political thriller', 'treaty', 'international relations']","['Anthony Mackie', 'Harrison Ford', 'Danny Ramirez', 'Shira Haas', 'Tim Blake Nelson', 'Carl Lumbly', 'Giancarlo Esposito', 'Liv Tyler', 'Xosha Roquemore', 'Jóhannes Haukur Jóhannesson']",['Julius Onah'],119,2025-02-12,5.953,3258,71.9193,/pzIddUEMWhWzfvLI3TwxUG2wGoi.jpg,/8eifdha9GQeZAkexgtD45546XKx.jpg,en
